{
    "items": [
        {
            "Name": "Cards",
            "TextColor": {
                "r": 1.0,
                "g": 1.0,
                "b": 1.0,
                "a": 1.0
            },
            "FontSize": 12,
            "FontStyle": 0,
            "ImageColor": {
                "r": 0.7452830076217651,
                "g": 0.20038267970085145,
                "b": 0.20038267970085145,
                "a": 1.0
            },
            "ImageType": 0
        }
    ]
}